Career,Description
Research Scientist,Conducts experiments and research to discover new scientific knowledge.
Teacher,"Educates students, prepares lesson plans, and supports academic development."
Graphic Designer,"Designs visuals, layouts, and branding for digital and print media."
Entrepreneur,"Creates and manages businesses, takes risks to innovate and grow markets."
Software Developer,"Develops, tests, and maintains computer programs and applications."
Journalist,"Investigates and reports on news, events, and trends for media outlets."
Data Analyst,Analyzes data to derive insights and make informed business decisions.
Accountant,"Manages financial records, prepares taxes, and ensures compliance with financial regulations."
Sports Coach,"Trains athletes, develops sports programs, and supports team performance."
Marketing Manager,"Plans and oversees marketing strategies, focusing on customer engagement and brand awareness."
Civil Engineer,"Designs, builds, and maintains infrastructure like roads, bridges, and buildings."
Financial Analyst,Assesses financial data to advise companies on investments and financial planning.
Biotech Researcher,Conducts research to develop new biological and medical technologies.
Graphic Artist,"Creates visual content for advertisements, websites, and media."
Social Media Manager,Develops strategies and content for online engagement through social media platforms.
Web Developer,"Designs and builds websites, ensuring they are functional, responsive, and user-friendly."
UX/UI Designer,Designs user interfaces and improves user experiences on digital platforms.
HR Specialist,"Manages recruitment, employee relations, and organizational development within a company."
Event Planner,"Organizes events, from weddings to conferences, handling logistics and coordination."
Research Analyst,Studies trends and data to provide insights for business decisions.
Lawyer,"Provides legal advice, represents clients, and defends cases in court."
Chef,Plans and prepares meals in restaurants or private catering services.
Architect,"Designs buildings and other physical structures, ensuring they are safe and functional."
Fashion Designer,"Creates clothing, accessories, and footwear, considering aesthetics and functionality."
Data Scientist,Analyzes large datasets to build models and generate actionable insights.
Pharmacist,"Dispenses medications, advises on their proper use, and ensures patient safety."
AI Engineer,Develops artificial intelligence technologies and systems to solve complex problems.
Civil Rights Lawyer,"Represents clients in cases involving discrimination, human rights, and civil liberties."
Actuary,Analyzes financial risk using statistics and mathematics to advise on insurance policies.
Economist,Studies economic trends and advises organizations on policy and strategy.
